id,userId,userName,userEmail,trainerId,trainerName,date,time,status,usedPointBatchId,purchaseItemId
apt001,user001,John Smith,john.smith@email.com,trainer1,Sarah Johnson,2025-01-02,09:00,completed,batch001,basic
apt002,user002,Emily Davis,emily.davis@email.com,trainer2,Mike Chen,2025-01-02,10:00,completed,batch002,premium
apt003,user003,Michael Brown,michael.brown@email.com,trainer3,Emma Rodriguez,2025-01-02,11:00,cancelled,batch003,starter
apt004,user004,Sarah Wilson,sarah.wilson@email.com,trainer1,Sarah Johnson,2025-01-03,09:00,completed,batch004,basic
apt005,user005,David Miller,david.miller@email.com,trainer4,Alex Thompson,2025-01-03,10:00,completed,batch005,pro
apt006,user006,Lisa Garcia,lisa.garcia@email.com,trainer5,Lisa Park,2025-01-03,11:00,completed,batch006,premium
apt007,user007,James Martinez,james.martinez@email.com,trainer2,Mike Chen,2025-01-04,14:00,completed,batch007,basic
apt008,user008,Maria Lopez,maria.lopez@email.com,trainer3,Emma Rodriguez,2025-01-04,15:00,cancelled,batch008,starter
apt009,user009,Robert Taylor,robert.taylor@email.com,trainer1,Sarah Johnson,2025-01-05,09:00,completed,batch009,premium
apt010,user010,Jennifer White,jennifer.white@email.com,trainer4,Alex Thompson,2025-01-05,10:00,completed,batch010,basic
apt011,user001,John Smith,john.smith@email.com,trainer2,Mike Chen,2025-01-06,11:00,completed,batch011,basic
apt012,user002,Emily Davis,emily.davis@email.com,trainer3,Emma Rodriguez,2025-01-06,14:00,completed,batch012,premium
apt013,user003,Michael Brown,michael.brown@email.com,trainer5,Lisa Park,2025-01-07,09:00,completed,batch013,starter
apt014,user004,Sarah Wilson,sarah.wilson@email.com,trainer1,Sarah Johnson,2025-01-07,10:00,cancelled,batch014,basic
apt015,user005,David Miller,david.miller@email.com,trainer4,Alex Thompson,2025-01-08,15:00,completed,batch015,pro
apt016,user006,Lisa Garcia,lisa.garcia@email.com,trainer2,Mike Chen,2025-01-08,16:00,completed,batch016,premium
apt017,user007,James Martinez,james.martinez@email.com,trainer3,Emma Rodriguez,2025-01-09,09:00,completed,batch017,basic
apt018,user008,Maria Lopez,maria.lopez@email.com,trainer1,Sarah Johnson,2025-01-09,10:00,completed,batch018,starter
apt019,user009,Robert Taylor,robert.taylor@email.com,trainer5,Lisa Park,2025-01-10,14:00,cancelled,batch019,premium
apt020,user010,Jennifer White,jennifer.white@email.com,trainer4,Alex Thompson,2025-01-10,15:00,completed,batch020,basic
apt021,user001,John Smith,john.smith@email.com,trainer2,Mike Chen,2025-01-11,11:00,completed,batch021,basic
apt022,user002,Emily Davis,emily.davis@email.com,trainer3,Emma Rodriguez,2025-01-12,09:00,completed,batch022,premium
apt023,user003,Michael Brown,michael.brown@email.com,trainer1,Sarah Johnson,2025-01-13,10:00,completed,batch023,starter
apt024,user004,Sarah Wilson,sarah.wilson@email.com,trainer5,Lisa Park,2025-01-14,14:00,completed,batch024,basic
apt025,user005,David Miller,david.miller@email.com,trainer4,Alex Thompson,2025-01-15,15:00,completed,batch025,pro
apt026,user006,Lisa Garcia,lisa.garcia@email.com,trainer2,Mike Chen,2025-01-16,16:00,cancelled,batch026,premium
apt027,user007,James Martinez,james.martinez@email.com,trainer3,Emma Rodriguez,2025-01-17,09:00,completed,batch027,basic
apt028,user008,Maria Lopez,maria.lopez@email.com,trainer1,Sarah Johnson,2025-01-18,10:00,completed,batch028,starter
apt029,user009,Robert Taylor,robert.taylor@email.com,trainer5,Lisa Park,2025-01-19,11:00,completed,batch029,premium
apt030,user010,Jennifer White,jennifer.white@email.com,trainer4,Alex Thompson,2025-01-20,14:00,completed,batch030,basic
apt031,user001,John Smith,john.smith@email.com,trainer2,Mike Chen,2025-01-21,15:00,completed,batch031,basic
apt032,user002,Emily Davis,emily.davis@email.com,trainer3,Emma Rodriguez,2025-01-22,09:00,cancelled,batch032,premium
apt033,user003,Michael Brown,michael.brown@email.com,trainer1,Sarah Johnson,2025-01-23,10:00,completed,batch033,starter
apt034,user004,Sarah Wilson,sarah.wilson@email.com,trainer5,Lisa Park,2025-01-24,11:00,completed,batch034,basic
apt035,user005,David Miller,david.miller@email.com,trainer4,Alex Thompson,2025-01-25,14:00,completed,batch035,pro
apt036,user006,Lisa Garcia,lisa.garcia@email.com,trainer2,Mike Chen,2025-01-26,15:00,completed,batch036,premium
apt037,user007,James Martinez,james.martinez@email.com,trainer3,Emma Rodriguez,2025-01-27,16:00,completed,batch037,basic
apt038,user008,Maria Lopez,maria.lopez@email.com,trainer1,Sarah Johnson,2025-01-28,09:00,completed,batch038,starter
apt039,user009,Robert Taylor,robert.taylor@email.com,trainer5,Lisa Park,2025-01-29,10:00,completed,batch039,premium
apt040,user010,Jennifer White,jennifer.white@email.com,trainer4,Alex Thompson,2025-01-30,11:00,cancelled,batch040,basic
apt041,user001,John Smith,john.smith@email.com,trainer2,Mike Chen,2025-01-31,14:00,completed,batch041,basic
apt042,user002,Emily Davis,emily.davis@email.com,trainer3,Emma Rodriguez,2025-02-01,09:00,completed,batch042,premium
apt043,user003,Michael Brown,michael.brown@email.com,trainer1,Sarah Johnson,2025-02-02,10:00,completed,batch043,starter
apt044,user004,Sarah Wilson,sarah.wilson@email.com,trainer5,Lisa Park,2025-02-03,11:00,completed,batch044,basic
apt045,user005,David Miller,david.miller@email.com,trainer4,Alex Thompson,2025-02-04,14:00,completed,batch045,pro
apt046,user006,Lisa Garcia,lisa.garcia@email.com,trainer2,Mike Chen,2025-02-05,15:00,completed,batch046,premium
apt047,user007,James Martinez,james.martinez@email.com,trainer3,Emma Rodriguez,2025-02-06,16:00,cancelled,batch047,basic
apt048,user008,Maria Lopez,maria.lopez@email.com,trainer1,Sarah Johnson,2025-02-07,09:00,completed,batch048,starter
apt049,user009,Robert Taylor,robert.taylor@email.com,trainer5,Lisa Park,2025-02-08,10:00,completed,batch049,premium
apt050,user010,Jennifer White,jennifer.white@email.com,trainer4,Alex Thompson,2025-02-09,11:00,completed,batch050,basic
apt051,user001,John Smith,john.smith@email.com,trainer2,Mike Chen,2025-02-10,14:00,completed,batch051,basic
apt052,user002,Emily Davis,emily.davis@email.com,trainer3,Emma Rodriguez,2025-02-11,15:00,completed,batch052,premium
apt053,user003,Michael Brown,michael.brown@email.com,trainer1,Sarah Johnson,2025-02-12,16:00,completed,batch053,starter
apt054,user004,Sarah Wilson,sarah.wilson@email.com,trainer5,Lisa Park,2025-02-13,09:00,cancelled,batch054,basic
apt055,user005,David Miller,david.miller@email.com,trainer4,Alex Thompson,2025-02-14,10:00,completed,batch055,pro
apt056,user006,Lisa Garcia,lisa.garcia@email.com,trainer2,Mike Chen,2025-02-15,11:00,completed,batch056,premium
apt057,user007,James Martinez,james.martinez@email.com,trainer3,Emma Rodriguez,2025-02-16,14:00,completed,batch057,basic
apt058,user008,Maria Lopez,maria.lopez@email.com,trainer1,Sarah Johnson,2025-02-17,15:00,completed,batch058,starter
apt059,user009,Robert Taylor,robert.taylor@email.com,trainer5,Lisa Park,2025-02-18,16:00,completed,batch059,premium
apt060,user010,Jennifer White,jennifer.white@email.com,trainer4,Alex Thompson,2025-02-19,09:00,completed,batch060,basic
apt061,user001,John Smith,john.smith@email.com,trainer2,Mike Chen,2025-02-20,10:00,completed,batch061,basic
apt062,user002,Emily Davis,emily.davis@email.com,trainer3,Emma Rodriguez,2025-02-21,11:00,cancelled,batch062,premium
apt063,user003,Michael Brown,michael.brown@email.com,trainer1,Sarah Johnson,2025-02-22,14:00,completed,batch063,starter
apt064,user004,Sarah Wilson,sarah.wilson@email.com,trainer5,Lisa Park,2025-02-23,15:00,completed,batch064,basic
apt065,user005,David Miller,david.miller@email.com,trainer4,Alex Thompson,2025-02-24,16:00,completed,batch065,pro
apt066,user006,Lisa Garcia,lisa.garcia@email.com,trainer2,Mike Chen,2025-02-25,09:00,completed,batch066,premium
apt067,user007,James Martinez,james.martinez@email.com,trainer3,Emma Rodriguez,2025-02-26,10:00,completed,batch067,basic
apt068,user008,Maria Lopez,maria.lopez@email.com,trainer1,Sarah Johnson,2025-02-27,11:00,completed,batch068,starter
apt069,user009,Robert Taylor,robert.taylor@email.com,trainer5,Lisa Park,2025-02-28,14:00,completed,batch069,premium
apt070,user010,Jennifer White,jennifer.white@email.com,trainer4,Alex Thompson,2025-03-01,15:00,completed,batch070,basic
apt071,user001,John Smith,john.smith@email.com,trainer2,Mike Chen,2025-03-02,16:00,cancelled,batch071,basic
apt072,user002,Emily Davis,emily.davis@email.com,trainer3,Emma Rodriguez,2025-03-03,09:00,completed,batch072,premium
apt073,user003,Michael Brown,michael.brown@email.com,trainer1,Sarah Johnson,2025-03-04,10:00,completed,batch073,starter
apt074,user004,Sarah Wilson,sarah.wilson@email.com,trainer5,Lisa Park,2025-03-05,11:00,completed,batch074,basic
apt075,user005,David Miller,david.miller@email.com,trainer4,Alex Thompson,2025-03-06,14:00,completed,batch075,pro
apt076,user006,Lisa Garcia,lisa.garcia@email.com,trainer2,Mike Chen,2025-03-07,15:00,completed,batch076,premium
apt077,user007,James Martinez,james.martinez@email.com,trainer3,Emma Rodriguez,2025-03-08,16:00,completed,batch077,basic
apt078,user008,Maria Lopez,maria.lopez@email.com,trainer1,Sarah Johnson,2025-03-09,09:00,completed,batch078,starter
apt079,user009,Robert Taylor,robert.taylor@email.com,trainer5,Lisa Park,2025-03-10,10:00,completed,batch079,premium
apt080,user010,Jennifer White,jennifer.white@email.com,trainer4,Alex Thompson,2025-03-11,11:00,completed,batch080,basic
apt081,user001,John Smith,john.smith@email.com,trainer2,Mike Chen,2025-03-12,14:00,completed,batch081,basic
apt082,user002,Emily Davis,emily.davis@email.com,trainer3,Emma Rodriguez,2025-03-13,15:00,cancelled,batch082,premium
apt083,user003,Michael Brown,michael.brown@email.com,trainer1,Sarah Johnson,2025-03-14,16:00,completed,batch083,starter
apt084,user004,Sarah Wilson,sarah.wilson@email.com,trainer5,Lisa Park,2025-03-15,09:00,completed,batch084,basic
apt085,user005,David Miller,david.miller@email.com,trainer4,Alex Thompson,2025-03-16,10:00,completed,batch085,pro
apt086,user006,Lisa Garcia,lisa.garcia@email.com,trainer2,Mike Chen,2025-03-17,11:00,completed,batch086,premium
apt087,user007,James Martinez,james.martinez@email.com,trainer3,Emma Rodriguez,2025-03-18,14:00,completed,batch087,basic
apt088,user008,Maria Lopez,maria.lopez@email.com,trainer1,Sarah Johnson,2025-03-19,15:00,completed,batch088,starter
apt089,user009,Robert Taylor,robert.taylor@email.com,trainer5,Lisa Park,2025-03-20,16:00,completed,batch089,premium
apt090,user010,Jennifer White,jennifer.white@email.com,trainer4,Alex Thompson,2025-03-21,09:00,completed,batch090,basic
apt091,user001,John Smith,john.smith@email.com,trainer2,Mike Chen,2025-03-22,10:00,completed,batch091,basic
apt092,user002,Emily Davis,emily.davis@email.com,trainer3,Emma Rodriguez,2025-03-23,11:00,completed,batch092,premium
apt093,user003,Michael Brown,michael.brown@email.com,trainer1,Sarah Johnson,2025-03-24,14:00,cancelled,batch093,starter
apt094,user004,Sarah Wilson,sarah.wilson@email.com,trainer5,Lisa Park,2025-03-25,15:00,completed,batch094,basic
apt095,user005,David Miller,david.miller@email.com,trainer4,Alex Thompson,2025-03-26,16:00,completed,batch095,pro
apt096,user006,Lisa Garcia,lisa.garcia@email.com,trainer2,Mike Chen,2025-03-27,09:00,completed,batch096,premium
apt097,user007,James Martinez,james.martinez@email.com,trainer3,Emma Rodriguez,2025-03-28,10:00,completed,batch097,basic
apt098,user008,Maria Lopez,maria.lopez@email.com,trainer1,Sarah Johnson,2025-03-29,11:00,completed,batch098,starter
apt099,user009,Robert Taylor,robert.taylor@email.com,trainer5,Lisa Park,2025-03-30,14:00,completed,batch099,premium
apt100,user010,Jennifer White,jennifer.white@email.com,trainer4,Alex Thompson,2025-03-31,15:00,completed,batch100,basic
apt101,user001,John Smith,john.smith@email.com,trainer2,Mike Chen,2025-04-01,16:00,completed,batch101,basic
apt102,user002,Emily Davis,emily.davis@email.com,trainer3,Emma Rodriguez,2025-04-02,09:00,completed,batch102,premium
apt103,user003,Michael Brown,michael.brown@email.com,trainer1,Sarah Johnson,2025-04-03,10:00,cancelled,batch103,starter
apt104,user004,Sarah Wilson,sarah.wilson@email.com,trainer5,Lisa Park,2025-04-04,11:00,completed,batch104,basic
apt105,user005,David Miller,david.miller@email.com,trainer4,Alex Thompson,2025-04-05,14:00,completed,batch105,pro
apt106,user006,Lisa Garcia,lisa.garcia@email.com,trainer2,Mike Chen,2025-04-06,15:00,completed,batch106,premium
apt107,user007,James Martinez,james.martinez@email.com,trainer3,Emma Rodriguez,2025-04-07,16:00,completed,batch107,basic
apt108,user008,Maria Lopez,maria.lopez@email.com,trainer1,Sarah Johnson,2025-04-08,09:00,completed,batch108,starter
apt109,user009,Robert Taylor,robert.taylor@email.com,trainer5,Lisa Park,2025-04-09,10:00,completed,batch109,premium
apt110,user010,Jennifer White,jennifer.white@email.com,trainer4,Alex Thompson,2025-04-10,11:00,completed,batch110,basic
apt111,user001,John Smith,john.smith@email.com,trainer2,Mike Chen,2025-04-11,14:00,completed,batch111,basic
apt112,user002,Emily Davis,emily.davis@email.com,trainer3,Emma Rodriguez,2025-04-12,15:00,completed,batch112,premium
apt113,user003,Michael Brown,michael.brown@email.com,trainer1,Sarah Johnson,2025-04-13,16:00,completed,batch113,starter
apt114,user004,Sarah Wilson,sarah.wilson@email.com,trainer5,Lisa Park,2025-04-14,09:00,cancelled,batch114,basic
apt115,user005,David Miller,david.miller@email.com,trainer4,Alex Thompson,2025-04-15,10:00,completed,batch115,pro
apt116,user006,Lisa Garcia,lisa.garcia@email.com,trainer2,Mike Chen,2025-04-16,11:00,completed,batch116,premium
apt117,user007,James Martinez,james.martinez@email.com,trainer3,Emma Rodriguez,2025-04-17,14:00,completed,batch117,basic
apt118,user008,Maria Lopez,maria.lopez@email.com,trainer1,Sarah Johnson,2025-04-18,15:00,completed,batch118,starter
apt119,user009,Robert Taylor,robert.taylor@email.com,trainer5,Lisa Park,2025-04-19,16:00,completed,batch119,premium
apt120,user010,Jennifer White,jennifer.white@email.com,trainer4,Alex Thompson,2025-04-20,09:00,completed,batch120,basic
apt121,user001,John Smith,john.smith@email.com,trainer2,Mike Chen,2025-04-21,10:00,completed,batch121,basic
apt122,user002,Emily Davis,emily.davis@email.com,trainer3,Emma Rodriguez,2025-04-22,11:00,cancelled,batch122,premium
apt123,user003,Michael Brown,michael.brown@email.com,trainer1,Sarah Johnson,2025-04-23,14:00,completed,batch123,starter
apt124,user004,Sarah Wilson,sarah.wilson@email.com,trainer5,Lisa Park,2025-04-24,15:00,completed,batch124,basic
apt125,user005,David Miller,david.miller@email.com,trainer4,Alex Thompson,2025-04-25,16:00,completed,batch125,pro
apt126,user006,Lisa Garcia,lisa.garcia@email.com,trainer2,Mike Chen,2025-04-26,09:00,completed,batch126,premium
apt127,user007,James Martinez,james.martinez@email.com,trainer3,Emma Rodriguez,2025-04-27,10:00,completed,batch127,basic
apt128,user008,Maria Lopez,maria.lopez@email.com,trainer1,Sarah Johnson,2025-04-28,11:00,completed,batch128,starter
apt129,user009,Robert Taylor,robert.taylor@email.com,trainer5,Lisa Park,2025-04-29,14:00,completed,batch129,premium
apt130,user010,Jennifer White,jennifer.white@email.com,trainer4,Alex Thompson,2025-04-30,15:00,completed,batch130,basic
apt131,user001,John Smith,john.smith@email.com,trainer2,Mike Chen,2025-05-01,16:00,completed,batch131,basic
apt132,user002,Emily Davis,emily.davis@email.com,trainer3,Emma Rodriguez,2025-05-02,09:00,completed,batch132,premium
apt133,user003,Michael Brown,michael.brown@email.com,trainer1,Sarah Johnson,2025-05-03,10:00,completed,batch133,starter
apt134,user004,Sarah Wilson,sarah.wilson@email.com,trainer5,Lisa Park,2025-05-04,11:00,cancelled,batch134,basic
apt135,user005,David Miller,david.miller@email.com,trainer4,Alex Thompson,2025-05-05,14:00,completed,batch135,pro
apt136,user006,Lisa Garcia,lisa.garcia@email.com,trainer2,Mike Chen,2025-05-06,15:00,completed,batch136,premium
apt137,user007,James Martinez,james.martinez@email.com,trainer3,Emma Rodriguez,2025-05-07,16:00,completed,batch137,basic
apt138,user008,Maria Lopez,maria.lopez@email.com,trainer1,Sarah Johnson,2025-05-08,09:00,completed,batch138,starter
apt139,user009,Robert Taylor,robert.taylor@email.com,trainer5,Lisa Park,2025-05-09,10:00,completed,batch139,premium
apt140,user010,Jennifer White,jennifer.white@email.com,trainer4,Alex Thompson,2025-05-10,11:00,completed,batch140,basic
apt141,user001,John Smith,john.smith@email.com,trainer2,Mike Chen,2025-05-11,14:00,completed,batch141,basic
apt142,user002,Emily Davis,emily.davis@email.com,trainer3,Emma Rodriguez,2025-05-12,15:00,completed,batch142,premium
apt143,user003,Michael Brown,michael.brown@email.com,trainer1,Sarah Johnson,2025-05-13,16:00,cancelled,batch143,starter
apt144,user004,Sarah Wilson,sarah.wilson@email.com,trainer5,Lisa Park,2025-05-14,09:00,completed,batch144,basic
apt145,user005,David Miller,david.miller@email.com,trainer4,Alex Thompson,2025-05-15,10:00,completed,batch145,pro
apt146,user006,Lisa Garcia,lisa.garcia@email.com,trainer2,Mike Chen,2025-05-16,11:00,completed,batch146,premium
apt147,user007,James Martinez,james.martinez@email.com,trainer3,Emma Rodriguez,2025-05-17,14:00,completed,batch147,basic
apt148,user008,Maria Lopez,maria.lopez@email.com,trainer1,Sarah Johnson,2025-05-18,15:00,completed,batch148,starter
apt149,user009,Robert Taylor,robert.taylor@email.com,trainer5,Lisa Park,2025-05-19,16:00,completed,batch149,premium
apt150,user010,Jennifer White,jennifer.white@email.com,trainer4,Alex Thompson,2025-05-20,09:00,completed,batch150,basic
apt151,user001,John Smith,john.smith@email.com,trainer2,Mike Chen,2025-05-21,10:00,completed,batch151,basic
apt152,user002,Emily Davis,emily.davis@email.com,trainer3,Emma Rodriguez,2025-05-22,11:00,completed,batch152,premium
apt153,user003,Michael Brown,michael.brown@email.com,trainer1,Sarah Johnson,2025-05-23,14:00,completed,batch153,starter
apt154,user004,Sarah Wilson,sarah.wilson@email.com,trainer5,Lisa Park,2025-05-24,15:00,completed,batch154,basic
apt155,user005,David Miller,david.miller@email.com,trainer4,Alex Thompson,2025-05-25,16:00,cancelled,batch155,pro
apt156,user006,Lisa Garcia,lisa.garcia@email.com,trainer2,Mike Chen,2025-05-26,09:00,completed,batch156,premium
apt157,user007,James Martinez,james.martinez@email.com,trainer3,Emma Rodriguez,2025-05-27,10:00,completed,batch157,basic
apt158,user008,Maria Lopez,maria.lopez@email.com,trainer1,Sarah Johnson,2025-05-28,11:00,completed,batch158,starter
apt159,user009,Robert Taylor,robert.taylor@email.com,trainer5,Lisa Park,2025-05-29,14:00,completed,batch159,premium
apt160,user010,Jennifer White,jennifer.white@email.com,trainer4,Alex Thompson,2025-05-30,15:00,completed,batch160,basic
apt161,user001,John Smith,john.smith@email.com,trainer2,Mike Chen,2025-05-31,16:00,completed,batch161,basic
apt162,user002,Emily Davis,emily.davis@email.com,trainer3,Emma Rodriguez,2025-06-01,09:00,completed,batch162,premium
apt163,user003,Michael Brown,michael.brown@email.com,trainer1,Sarah Johnson,2025-06-02,10:00,completed,batch163,starter
apt164,user004,Sarah Wilson,sarah.wilson@email.com,trainer5,Lisa Park,2025-06-03,11:00,completed,batch164,basic
apt165,user005,David Miller,david.miller@email.com,trainer4,Alex Thompson,2025-06-04,14:00,completed,batch165,pro
apt166,user006,Lisa Garcia,lisa.garcia@email.com,trainer2,Mike Chen,2025-06-05,15:00,cancelled,batch166,premium
apt167,user007,James Martinez,james.martinez@email.com,trainer3,Emma Rodriguez,2025-06-06,16:00,completed,batch167,basic
apt168,user008,Maria Lopez,maria.lopez@email.com,trainer1,Sarah Johnson,2025-06-07,09:00,completed,batch168,starter
apt169,user009,Robert Taylor,robert.taylor@email.com,trainer5,Lisa Park,2025-06-08,10:00,completed,batch169,premium
apt170,user010,Jennifer White,jennifer.white@email.com,trainer4,Alex Thompson,2025-06-09,11:00,completed,batch170,basic
apt171,user001,John Smith,john.smith@email.com,trainer2,Mike Chen,2025-06-10,14:00,completed,batch171,basic
apt172,user002,Emily Davis,emily.davis@email.com,trainer3,Emma Rodriguez,2025-06-11,15:00,completed,batch172,premium
apt173,user003,Michael Brown,michael.brown@email.com,trainer1,Sarah Johnson,2025-06-12,16:00,completed,batch173,starter
apt174,user004,Sarah Wilson,sarah.wilson@email.com,trainer5,Lisa Park,2025-06-13,09:00,cancelled,batch174,basic
apt175,user005,David Miller,david.miller@email.com,trainer4,Alex Thompson,2025-06-14,10:00,completed,batch175,pro
apt176,user006,Lisa Garcia,lisa.garcia@email.com,trainer2,Mike Chen,2025-06-15,11:00,completed,batch176,premium
apt177,user007,James Martinez,james.martinez@email.com,trainer3,Emma Rodriguez,2025-06-16,14:00,completed,batch177,basic
apt178,user008,Maria Lopez,maria.lopez@email.com,trainer1,Sarah Johnson,2025-06-17,15:00,completed,batch178,starter
apt179,user009,Robert Taylor,robert.taylor@email.com,trainer5,Lisa Park,2025-06-18,16:00,completed,batch179,premium
apt180,user010,Jennifer White,jennifer.white@email.com,trainer4,Alex Thompson,2025-06-19,09:00,completed,batch180,basic
apt181,user001,John Smith,john.smith@email.com,trainer2,Mike Chen,2025-06-20,10:00,completed,batch181,basic
apt182,user002,Emily Davis,emily.davis@email.com,trainer3,Emma Rodriguez,2025-06-21,11:00,completed,batch182,premium
apt183,user003,Michael Brown,michael.brown@email.com,trainer1,Sarah Johnson,2025-06-22,14:00,completed,batch183,starter
apt184,user004,Sarah Wilson,sarah.wilson@email.com,trainer5,Lisa Park,2025-06-23,15:00,completed,batch184,basic
apt185,user005,David Miller,david.miller@email.com,trainer4,Alex Thompson,2025-06-24,16:00,cancelled,batch185,pro
apt186,user006,Lisa Garcia,lisa.garcia@email.com,trainer2,Mike Chen,2025-06-25,09:00,completed,batch186,premium
apt187,user007,James Martinez,james.martinez@email.com,trainer3,Emma Rodriguez,2025-06-26,10:00,completed,batch187,basic
apt188,user008,Maria Lopez,maria.lopez@email.com,trainer1,Sarah Johnson,2025-06-27,11:00,completed,batch188,starter
apt189,user009,Robert Taylor,robert.taylor@email.com,trainer5,Lisa Park,2025-06-28,14:00,completed,batch189,premium
apt190,user010,Jennifer White,jennifer.white@email.com,trainer4,Alex Thompson,2025-06-29,15:00,completed,batch190,basic
apt191,user001,John Smith,john.smith@email.com,trainer2,Mike Chen,2025-06-30,16:00,completed,batch191,basic
apt192,user002,Emily Davis,emily.davis@email.com,trainer3,Emma Rodriguez,2025-07-01,09:00,completed,batch192,premium
apt193,user003,Michael Brown,michael.brown@email.com,trainer1,Sarah Johnson,2025-07-02,10:00,completed,batch193,starter
apt194,user004,Sarah Wilson,sarah.wilson@email.com,trainer5,Lisa Park,2025-07-03,11:00,completed,batch194,basic
apt195,user005,David Miller,david.miller@email.com,trainer4,Alex Thompson,2025-07-04,14:00,completed,batch195,pro
apt196,user006,Lisa Garcia,lisa.garcia@email.com,trainer2,Mike Chen,2025-07-05,15:00,completed,batch196,premium
apt197,user007,James Martinez,james.martinez@email.com,trainer3,Emma Rodriguez,2025-07-06,16:00,cancelled,batch197,basic
apt198,user008,Maria Lopez,maria.lopez@email.com,trainer1,Sarah Johnson,2025-07-07,09:00,completed,batch198,starter
apt199,user009,Robert Taylor,robert.taylor@email.com,trainer5,Lisa Park,2025-07-08,10:00,completed,batch199,premium
apt200,user010,Jennifer White,jennifer.white@email.com,trainer4,Alex Thompson,2025-07-09,11:00,completed,batch200,basic
apt201,user001,John Smith,john.smith@email.com,trainer2,Mike Chen,2025-07-10,14:00,completed,batch201,basic
apt202,user002,Emily Davis,emily.davis@email.com,trainer3,Emma Rodriguez,2025-07-11,15:00,completed,batch202,premium
apt203,user003,Michael Brown,michael.brown@email.com,trainer1,Sarah Johnson,2025-07-12,16:00,completed,batch203,starter
apt204,user004,Sarah Wilson,sarah.wilson@email.com,trainer5,Lisa Park,2025-07-13,09:00,completed,batch204,basic
apt205,user005,David Miller,david.miller@email.com,trainer4,Alex Thompson,2025-07-14,10:00,cancelled,batch205,pro
apt206,user006,Lisa Garcia,lisa.garcia@email.com,trainer2,Mike Chen,2025-07-15,11:00,completed,batch206,premium
apt207,user007,James Martinez,james.martinez@email.com,trainer3,Emma Rodriguez,2025-07-16,14:00,completed,batch207,basic
apt208,user008,Maria Lopez,maria.lopez@email.com,trainer1,Sarah Johnson,2025-07-17,15:00,completed,batch208,starter
apt209,user009,Robert Taylor,robert.taylor@email.com,trainer5,Lisa Park,2025-07-18,16:00,completed,batch209,premium
apt210,user010,Jennifer White,jennifer.white@email.com,trainer4,Alex Thompson,2025-07-19,09:00,completed,batch210,basic
apt211,user001,John Smith,john.smith@email.com,trainer2,Mike Chen,2025-07-20,10:00,completed,batch211,basic
apt212,user002,Emily Davis,emily.davis@email.com,trainer3,Emma Rodriguez,2025-07-21,11:00,completed,batch212,premium
apt213,user003,Michael Brown,michael.brown@email.com,trainer1,Sarah Johnson,2025-07-22,14:00,cancelled,batch213,starter
apt214,user004,Sarah Wilson,sarah.wilson@email.com,trainer5,Lisa Park,2025-07-23,15:00,completed,batch214,basic
apt215,user005,David Miller,david.miller@email.com,trainer4,Alex Thompson,2025-07-24,16:00,completed,batch215,pro
apt216,user006,Lisa Garcia,lisa.garcia@email.com,trainer2,Mike Chen,2025-07-25,09:00,completed,batch216,premium
apt217,user007,James Martinez,james.martinez@email.com,trainer3,Emma Rodriguez,2025-07-26,10:00,completed,batch217,basic
apt218,user008,Maria Lopez,maria.lopez@email.com,trainer1,Sarah Johnson,2025-07-27,11:00,completed,batch218,starter
apt219,user009,Robert Taylor,robert.taylor@email.com,trainer5,Lisa Park,2025-07-28,14:00,completed,batch219,premium
apt220,user010,Jennifer White,jennifer.white@email.com,trainer4,Alex Thompson,2025-07-29,15:00,completed,batch220,basic
apt221,user001,John Smith,john.smith@email.com,trainer2,Mike Chen,2025-07-30,16:00,completed,batch221,basic
apt222,user002,Emily Davis,emily.davis@email.com,trainer3,Emma Rodriguez,2025-07-31,09:00,completed,batch222,premium
apt223,user003,Michael Brown,michael.brown@email.com,trainer1,Sarah Johnson,2025-08-01,10:00,completed,batch223,starter
apt224,user004,Sarah Wilson,sarah.wilson@email.com,trainer5,Lisa Park,2025-08-02,11:00,completed,batch224,basic
apt225,user005,David Miller,david.miller@email.com,trainer4,Alex Thompson,2025-08-03,14:00,completed,batch225,pro
apt226,user006,Lisa Garcia,lisa.garcia@email.com,trainer2,Mike Chen,2025-08-04,15:00,cancelled,batch226,premium
apt227,user007,James Martinez,james.martinez@email.com,trainer3,Emma Rodriguez,2025-08-05,16:00,completed,batch227,basic
apt228,user008,Maria Lopez,maria.lopez@email.com,trainer1,Sarah Johnson,2025-08-06,09:00,completed,batch228,starter
apt229,user009,Robert Taylor,robert.taylor@email.com,trainer5,Lisa Park,2025-08-07,10:00,completed,batch229,premium
apt230,user010,Jennifer White,jennifer.white@email.com,trainer4,Alex Thompson,2025-08-08,11:00,completed,batch230,basic
apt231,user001,John Smith,john.smith@email.com,trainer2,Mike Chen,2025-08-09,14:00,completed,batch231,basic
apt232,user002,Emily Davis,emily.davis@email.com,trainer3,Emma Rodriguez,2025-08-10,15:00,completed,batch232,premium
apt233,user003,Michael Brown,michael.brown@email.com,trainer1,Sarah Johnson,2025-08-11,16:00,completed,batch233,starter
apt234,user004,Sarah Wilson,sarah.wilson@email.com,trainer5,Lisa Park,2025-08-12,09:00,cancelled,batch234,basic
apt235,user005,David Miller,david.miller@email.com,trainer4,Alex Thompson,2025-08-13,10:00,completed,batch235,pro
apt236,user006,Lisa Garcia,lisa.garcia@email.com,trainer2,Mike Chen,2025-08-14,11:00,completed,batch236,premium
apt237,user007,James Martinez,james.martinez@email.com,trainer3,Emma Rodriguez,2025-08-15,14:00,completed,batch237,basic
apt238,user008,Maria Lopez,maria.lopez@email.com,trainer1,Sarah Johnson,2025-08-16,15:00,completed,batch238,starter
apt239,user009,Robert Taylor,robert.taylor@email.com,trainer5,Lisa Park,2025-08-17,16:00,completed,batch239,premium
apt240,user010,Jennifer White,jennifer.white@email.com,trainer4,Alex Thompson,2025-08-18,09:00,completed,batch240,basic
apt241,user001,John Smith,john.smith@email.com,trainer2,Mike Chen,2025-08-19,10:00,completed,batch241,basic
apt242,user002,Emily Davis,emily.davis@email.com,trainer3,Emma Rodriguez,2025-08-20,11:00,completed,batch242,premium
apt243,user003,Michael Brown,michael.brown@email.com,trainer1,Sarah Johnson,2025-08-21,14:00,cancelled,batch243,starter
apt244,user004,Sarah Wilson,sarah.wilson@email.com,trainer5,Lisa Park,2025-08-22,15:00,completed,batch244,basic
apt245,user005,David Miller,david.miller@email.com,trainer4,Alex Thompson,2025-08-23,16:00,completed,batch245,pro
apt246,user006,Lisa Garcia,lisa.garcia@email.com,trainer2,Mike Chen,2025-08-24,09:00,completed,batch246,premium
apt247,user007,James Martinez,james.martinez@email.com,trainer3,Emma Rodriguez,2025-08-25,10:00,completed,batch247,basic
apt248,user008,Maria Lopez,maria.lopez@email.com,trainer1,Sarah Johnson,2025-08-26,11:00,completed,batch248,starter
apt249,user009,Robert Taylor,robert.taylor@email.com,trainer5,Lisa Park,2025-08-27,14:00,completed,batch249,premium
apt250,user010,Jennifer White,jennifer.white@email.com,trainer4,Alex Thompson,2025-08-28,15:00,completed,batch250,basic
apt251,user001,John Smith,john.smith@email.com,trainer2,Mike Chen,2025-08-29,16:00,completed,batch251,basic
apt252,user002,Emily Davis,emily.davis@email.com,trainer3,Emma Rodriguez,2025-08-30,09:00,cancelled,batch252,premium
apt253,user003,Michael Brown,michael.brown@email.com,trainer1,Sarah Johnson,2025-08-31,10:00,completed,batch253,starter